[toc]



# 1 创建表
创建表的示例：
```sql
CREATE TABLE IF NOT EXISTS `book`( 
  `bookid` INT UNSIGNED AUTO_INCREMENT,
  `bookName` VARCHAR(32) NOT NULL,
  `aa` tinyint(3),
  `bb` smallint(5),
  `cc` mediumint,
  `dd` bigint,
  `ee` double(43,20s),
  `ff` float(8, 5),
  `gg` blob,
  `hh` text,
   PRIMARY KEY (`bookid`)
)ENGINE=InnoDB DEFAULT CHARSET=utf8;
```
## 1.1 数据类型
在学习创建数据库表的时候，需要先了解SQL语法中的数据类型。

MySQL的数据类型
主要包括以下五大类：
|类型|类型|
|----|----|
|整数类型|BIT、BOOL、TINY INT、SMALLINT、MEDIUMINT、 INT、 BIGINT|
|浮点数类型|FLOAT、DOUBLE、DECIMAL|
|字符串类型|CHAR、VARCHAR、TINY TEXT、TEXT、MEDIUM TEXT、LONGTEXT、TINY BLOB、BLOB、MEDIUM BLOB、LONG BLOB|
|日期类型|Date、DateTime、TimeStamp、Time、Year|
|其他数据类型|BINARY、VARBINARY、ENUM、SET、Geometry、Point、MultiPoint、LineString、MultiLineString、Polygon、GeometryCollection等|
<font color=gray>类型名可以小写</font>
 

### 1.1.1 整型

MySQL数据类型	含义（有符号）
|整数类型|取值范围|
|--------|-------|
|tinyint(m)|	1个字节  范围(-128~127)|
|smallint(m)|	2个字节  范围(-32768~32767)|
|mediumint(m)|	3个字节  范围(-8388608~8388607)|
|int(m)	|4个字节  范围(-2147483648~2147483647)|
|bigint(m)|	8个字节  范围(+-9.22*10的18次方)|
取值范围如果加了unsigned，表示是对应类型的无符号类型

 int(m)里的m是表示SELECT查询结果集中的显示宽度，并不影响实际的取值范围，没有影响到显示的宽度，不知道这个m有什么用。
 

### 1.1.2 浮点型(float和double)

MySQL数据类型	含义
|浮点型|描述|
|-----|----|
|float(m,d)|	单精度浮点型    8位精度(4字节)     m总个数，d小数位|
|double(m,d)|	双精度浮点型    16位精度(8字节)    m总个数，d小数位|
设一个字段定义为float(6,3)，如果插入一个数123.45678,实际数据库里存的是123.457，但总个数还以实际为准，即6位。整数部分最大是3位，如果插入数12.123456，存储的是12.1234，如果插入12.12，存储的是12.1200.

 

### 1.1.3 定点数

浮点型在数据库中存放的是近似值，而定点类型在数据库中存放的是精确值。 
|类型|描述|
|---|---|
|decimal(m,d)| 参数m<65 是总个数，d<30且 d<m 是小数位。|

 

### 1.1.4 字符串(char,varchar,_text)

MySQL数据类型	含义
|字符串类型|描述|
|---------|----|
|char(n)|	固定长度，最多255个字符|
|varchar(n)|	固定长度，最多65535个字符|
|tinytext|	可变长度，最多255个字符|
|text|	可变长度，最多65535个字符|
|mediumtext|	可变长度，最多2的24次方-1个字符|
|longtext|	可变长度，最多2的32次方-1个字符|
**char和varchar：**

1.char(n) 若存入字符数小于n，则以空格补于其后，查询之时再将空格去掉。所以char类型存储的字符串末尾不能有空格，varchar不限于此。 

2.char(n) 固定长度，char(4)不管是存入几个字符，都将占用4个字节，varchar是存入的实际字符数+1个字节（n<=255）或2个字节(n>255)，

所以varchar(4),存入3个字符将占用4个字节。 


3.char类型的字符串检索速度要比varchar类型的快。

**varchar和text：**

1.varchar可指定n，text不能指定，内部存储varchar是存入的实际字符数+1个字节（n<=255）或2个字节(n>255)，text是实际字符数+2个字

节。 

2.text类型不能有默认值。 

3.varchar可直接创建索引，text创建索引要指定前多少个字符。varchar查询速度快于text,在都创建索引的情况下，text的索引似乎不起作用。

 

### 1.1.5 二进制数据(Blob)

1.BLOB和_text存储方式不同，TEXT以文本方式存储，英文存储区分大小写，而Blob是以二进制方式存储，不分大小写。

2.BLOB存储的数据只能整体读出。 

3.TEXT可以指定字符集，BLOB不用指定字符集。

 

### 1.1.6 日期时间类型

MySQL数据类型	含义
|时间日期类型|描述|
|-----------|----|
|date|	日期 '2008-12-2'|
|time|	时间 '12:25:36'|
|datetime|	日期时间 '2008-12-2 22:06:44'|
|timestamp|	自动存储记录修改时间
若定义一个字段为timestamp，这个字段里的时间数据会随其他字段修改的时候自动刷新，所以这个数据类型的字段可以存放这条记录最后被修改的时间。

## 1.2 声明主键
通过在```primary key```关键字来声明主键（不区分大小写）。如果主键是整数，需要将主键声明为自增```auto_increment```
**示例：**
```sql
# 创建一个名为test的表，主键为id
CREATE TABLE `test`(
  `id` int auto_increment,
  `name` char,
  primary key (`id`)
)engine=InnoDB default charset=utf8;
```
查看test表的信息：
```sql
mysql> desc test;
+-------+---------+------+-----+---------+----------------+
| Field | Type    | Null | Key | Default | Extra          |
+-------+---------+------+-----+---------+----------------+
| id    | int     | NO   | PRI | NULL    | auto_increment |
| name  | char(1) | YES  |     | NULL    |                |
+-------+---------+------+-----+---------+----------------+
2 rows in set (0.00 sec)
```
## 1.3 表字段修饰符
在使用```CREATE TABLE```命令创建表的时候，还可以给表的Filed指定额外修饰符来设置不同的属性.
|修饰|描述|
|----|---|
|AUTO_INCREMENT|自增属性，在插入一条数据后，该字段自动增加，一般在主键上声明|
|UNSIGNED|放在整数类型声明的后面，表明该类型为无符号整型|
|NOT NULL|声明插入数据时，该字段不能为空（不能省略该字段的值）|

# 2 表操作
## 2.1 查看数据库中的表
查看当前use的数据库中有哪些表
```sql
show tables;
```
**示例：**
```sql
mysql> show tables;
+------------------------+
| Tables_in_DatabaseTest |
+------------------------+
| book                   |
| test                   |
+------------------------+
2 rows in set (0.00 sec)
```
## 2.2 查看表结构
```sql
desc <表名>;
```
**示例：**
```sql
mysql> desc book;
+-------+------+------+-----+---------+----------------+
| Field | Type | Null | Key | Default | Extra          |
+-------+------+------+-----+---------+----------------+
| id    | int  | NO   | PRI | NULL    | auto_increment |
| aa    | blob | YES  |     | NULL    |                |
+-------+------+------+-----+---------+----------------+
2 rows in set (0.00 sec)
```
## 2.3 查看创建表是使用的sql语句
```sql
show create table <表名>;
```

**示例**：
```sql
mysql> show create table `book`;
+-------+---------------------------------+
| Table | Create Table                    |                                             
+-------+---------------------------------+
| book  | CREATE TABLE `book` (
  `id` int NOT NULL AUTO_INCREMENT,
  `aa` blob,
  PRIMARY KEY (`id`)
) ENGINE=InnoDB DEFAULT CHARSET=utf8mb3 |
+-----------------------------------------+
1 row in set (0.00 sec)
```
## 2.4 删除表
```sql
drop table <表名>;
```

# 3 数据操作
## 3.1 添加数据
**命令格式**：
```sql
INSERT INTO `<表名>` (<colum1>,<colunm2>,...) VALUES (<value1>,<value2>);
```

**注意**:
- 插入数据时，如果对应字段为 字符串类型，需要用单引号('')或者双引号("")， 反引号(``)不行。

**示例：**
```sql
# 向表book中插入一条数据，其中name和author字段分别为"star","jake"
INSERT INTO `book` (name,author) VALUES ("star","jake");
```

## 3.2 删除数据
```sql
DELETE FROM `表名` where <条件>;
```
**示例**：
```sql
# 从book表中删除 name字段为"star"的记录
DELETE FROM `book` where name="star";
```

## 3.3 修改数据
```sql
UPDATE `表名` SET <属性1>=value,<属性2>=value WHERE <条件>
```
**示例**：
```sql
# 将id=2的记录的name和author字段分别设置为"star"和"jake"
UPDATE `book` SET name="star",author="jake" WHERE id=2;
```

# 4 查询数据
## 4.1 全表查询
```sql
# 查询表中的全部信息
select * from `表名`;

# 查询表中指定的属性信息
select <属性1>,<属性2>,... from `表名`;
```

## 4.2 where条件查询
```sql
select * from `表名` where <条件>
```
**条件包含**
|条件|描述|
|----|----|
|>,=,<|判断符号|



